ID,Activity,Predicted
0,Fall,Fall
1,Fall,Fall
2,ADL,ADL
3,Fall,Fall
4,ADL,ADL
5,ADL,ADL
6,ADL,ADL
7,Fall,Fall
8,ADL,ADL
9,Fall,Fall
10,Fall,Fall
11,ADL,ADL
12,ADL,ADL
13,ADL,ADL
14,Fall,Fall
15,ADL,ADL
16,ADL,ADL
17,ADL,ADL
18,ADL,ADL
19,ADL,ADL
20,Fall,Fall
21,ADL,ADL
22,Fall,Fall
23,ADL,ADL
24,ADL,ADL
25,Fall,Fall
26,ADL,ADL
27,ADL,ADL
28,ADL,ADL
29,ADL,ADL
30,ADL,ADL
31,Fall,Fall
32,ADL,ADL
33,ADL,ADL
34,Fall,Fall
35,ADL,ADL
36,ADL,ADL
37,Fall,Fall
38,Fall,Fall
39,ADL,ADL
40,ADL,ADL
41,Fall,Fall
42,ADL,ADL
43,ADL,ADL
44,ADL,ADL
45,Fall,Fall
46,ADL,ADL
47,ADL,ADL
48,Fall,Fall
49,Fall,Fall
50,ADL,ADL
51,ADL,ADL
52,ADL,ADL
53,ADL,ADL
54,ADL,ADL
55,ADL,ADL
56,ADL,ADL
57,ADL,ADL
58,Fall,Fall
59,ADL,ADL
60,Fall,Fall
61,Fall,Fall
62,ADL,ADL
63,Fall,Fall
64,Fall,Fall
65,Fall,Fall
66,ADL,ADL
67,ADL,ADL
68,ADL,ADL
69,Fall,Fall
70,ADL,ADL
71,Fall,Fall
72,ADL,ADL
73,ADL,ADL
74,ADL,ADL
75,ADL,ADL
76,ADL,ADL
77,ADL,ADL
78,Fall,Fall
79,Fall,Fall
80,ADL,ADL
81,Fall,Fall
82,Fall,Fall
83,ADL,ADL
84,ADL,ADL
85,ADL,ADL
86,ADL,ADL
87,ADL,ADL
88,ADL,ADL
89,ADL,ADL
90,Fall,Fall
91,ADL,ADL
92,ADL,ADL
93,Fall,Fall
94,ADL,ADL
95,ADL,ADL
96,ADL,ADL
97,Fall,Fall
98,Fall,Fall
99,Fall,Fall
100,ADL,ADL
101,ADL,ADL
102,ADL,ADL
103,ADL,ADL
104,ADL,ADL
105,Fall,Fall
106,Fall,Fall
107,Fall,Fall
108,ADL,ADL
109,Fall,Fall
110,ADL,ADL
111,ADL,ADL
112,ADL,ADL
113,ADL,ADL
114,ADL,ADL
115,ADL,ADL
116,Fall,Fall
117,ADL,ADL
118,Fall,Fall
119,Fall,Fall
120,ADL,ADL
121,ADL,ADL
122,ADL,ADL
123,ADL,ADL
124,Fall,Fall
125,ADL,ADL
126,Fall,Fall
127,ADL,ADL
128,ADL,ADL
129,ADL,ADL
130,Fall,Fall
131,ADL,ADL
132,ADL,ADL
133,ADL,ADL
134,ADL,Fall
135,Fall,Fall
136,Fall,Fall
137,Fall,Fall
138,ADL,ADL
139,Fall,Fall
140,ADL,ADL
141,Fall,Fall
142,Fall,ADL
143,ADL,ADL
144,ADL,ADL
145,ADL,ADL
146,ADL,ADL
147,ADL,ADL
148,ADL,ADL
149,Fall,Fall
150,ADL,ADL
151,ADL,ADL
152,ADL,ADL
153,Fall,Fall
154,Fall,Fall
155,Fall,Fall
156,ADL,ADL
157,ADL,ADL
158,ADL,ADL
159,Fall,Fall
160,Fall,Fall
161,ADL,ADL
162,ADL,ADL
163,ADL,ADL
164,Fall,Fall
165,ADL,ADL
166,ADL,ADL
167,ADL,ADL
168,ADL,ADL
169,ADL,ADL
170,ADL,ADL
171,Fall,Fall
172,ADL,ADL
173,Fall,Fall
174,Fall,ADL
175,ADL,ADL
176,Fall,Fall
177,ADL,ADL
178,ADL,ADL
179,Fall,Fall
180,ADL,ADL
181,ADL,ADL
182,Fall,Fall
183,Fall,Fall
184,ADL,ADL
185,ADL,ADL
186,Fall,Fall
187,Fall,Fall
188,ADL,ADL
189,ADL,ADL
190,Fall,Fall
191,Fall,Fall
192,ADL,ADL
193,ADL,ADL
194,ADL,ADL
195,ADL,ADL
196,ADL,ADL
197,Fall,Fall
198,ADL,Fall
199,ADL,ADL
200,Fall,Fall
201,ADL,ADL
202,ADL,ADL
203,Fall,Fall
204,Fall,Fall
205,ADL,ADL
206,ADL,ADL
207,Fall,Fall
208,Fall,Fall
209,Fall,Fall
210,Fall,ADL
211,ADL,ADL
212,Fall,Fall
213,ADL,ADL
214,ADL,ADL
215,ADL,ADL
216,Fall,Fall
217,ADL,ADL
218,ADL,ADL
219,Fall,Fall
220,ADL,ADL
221,ADL,ADL
222,ADL,ADL
223,Fall,Fall
224,Fall,Fall
225,Fall,Fall
226,ADL,ADL
227,ADL,ADL
228,Fall,Fall
229,Fall,Fall
230,ADL,ADL
231,Fall,Fall
232,ADL,ADL
233,Fall,Fall
234,ADL,ADL
235,ADL,ADL
236,ADL,ADL
237,Fall,Fall
238,ADL,ADL
239,ADL,ADL
240,Fall,Fall
241,Fall,Fall
242,ADL,ADL
243,ADL,ADL
244,ADL,ADL
245,ADL,ADL
246,ADL,ADL
247,ADL,ADL
248,ADL,ADL
249,Fall,Fall
250,ADL,ADL
251,ADL,Fall
252,Fall,Fall
253,Fall,Fall
254,ADL,ADL
255,ADL,ADL
256,Fall,Fall
257,ADL,ADL
258,ADL,ADL
259,ADL,ADL
260,ADL,ADL
261,ADL,ADL
262,ADL,ADL
263,Fall,Fall
264,ADL,ADL
265,Fall,Fall
266,ADL,ADL
267,ADL,ADL
268,ADL,ADL
269,ADL,ADL
270,ADL,ADL
271,Fall,Fall
272,ADL,ADL
273,Fall,Fall
274,ADL,ADL
275,ADL,ADL
276,ADL,ADL
277,ADL,ADL
278,ADL,ADL
279,ADL,ADL
280,ADL,ADL
281,ADL,ADL
282,ADL,ADL
283,Fall,Fall
284,ADL,ADL
285,Fall,Fall
286,ADL,ADL
287,ADL,ADL
288,ADL,ADL
289,Fall,Fall
290,ADL,ADL
291,ADL,ADL
292,ADL,ADL
293,ADL,ADL
294,Fall,Fall
295,Fall,Fall
296,Fall,Fall
297,Fall,Fall
298,Fall,Fall
299,ADL,ADL
300,ADL,ADL
301,ADL,ADL
302,ADL,ADL
303,ADL,ADL
304,ADL,ADL
305,Fall,Fall
306,ADL,ADL
307,Fall,Fall
308,ADL,ADL
309,ADL,ADL
310,ADL,ADL
311,Fall,ADL
312,ADL,ADL
313,Fall,ADL
314,Fall,Fall
315,ADL,ADL
316,ADL,ADL
317,ADL,ADL
318,ADL,ADL
319,ADL,ADL
320,ADL,ADL
321,Fall,Fall
322,ADL,ADL
323,ADL,ADL
324,ADL,ADL
325,ADL,ADL
326,ADL,ADL
327,ADL,ADL
328,Fall,Fall
329,ADL,ADL
330,Fall,Fall
331,ADL,ADL
332,ADL,ADL
333,ADL,ADL
334,Fall,Fall
335,Fall,Fall
336,Fall,ADL
337,ADL,ADL
338,ADL,ADL
339,Fall,Fall
340,ADL,ADL
341,ADL,ADL
342,Fall,Fall
343,Fall,Fall
344,ADL,ADL
345,Fall,Fall
346,Fall,Fall
347,ADL,ADL
348,Fall,Fall
349,Fall,Fall
350,ADL,ADL
351,Fall,Fall
352,ADL,ADL
353,ADL,ADL
354,Fall,Fall
355,ADL,ADL
356,Fall,Fall
357,ADL,ADL
358,Fall,Fall
359,ADL,ADL
360,Fall,Fall
361,Fall,Fall
362,ADL,ADL
363,Fall,Fall
364,ADL,ADL
365,ADL,ADL
366,Fall,Fall
367,ADL,ADL
368,Fall,Fall
369,Fall,Fall
370,Fall,Fall
371,ADL,ADL
372,ADL,ADL
373,Fall,ADL
374,ADL,ADL
375,ADL,ADL
376,Fall,Fall
377,Fall,Fall
378,Fall,Fall
379,Fall,Fall
380,ADL,ADL
381,ADL,ADL
382,ADL,ADL
383,ADL,ADL
384,ADL,ADL
385,Fall,Fall
386,ADL,ADL
387,ADL,ADL
388,ADL,ADL
389,ADL,ADL
390,ADL,ADL
391,Fall,ADL
392,ADL,ADL
393,ADL,ADL
394,ADL,ADL
395,ADL,ADL
396,ADL,ADL
397,ADL,ADL
398,Fall,Fall
399,ADL,ADL
400,Fall,Fall
401,ADL,ADL
402,Fall,Fall
403,ADL,ADL
404,ADL,ADL
405,ADL,ADL
406,ADL,ADL
407,ADL,ADL
408,Fall,ADL
409,ADL,ADL
410,Fall,Fall
411,Fall,Fall
412,ADL,ADL
413,Fall,Fall
414,ADL,ADL
415,Fall,Fall
416,Fall,Fall
417,Fall,Fall
418,ADL,ADL
419,ADL,Fall
420,Fall,Fall
421,Fall,Fall
422,Fall,Fall
423,Fall,Fall
424,Fall,Fall
425,ADL,ADL
426,ADL,ADL
427,Fall,Fall
428,ADL,ADL
429,ADL,ADL
430,Fall,Fall
431,ADL,ADL
432,Fall,Fall
433,Fall,Fall
434,ADL,ADL
435,ADL,ADL
436,Fall,Fall
437,ADL,ADL
438,ADL,ADL
439,Fall,Fall
440,ADL,ADL
441,ADL,ADL
442,ADL,ADL
443,Fall,Fall
444,ADL,ADL
445,Fall,Fall
446,Fall,Fall
447,ADL,ADL
448,ADL,ADL
449,Fall,Fall
450,ADL,ADL
451,ADL,ADL
452,Fall,Fall
453,ADL,ADL
454,Fall,Fall
455,ADL,ADL
456,ADL,ADL
457,ADL,ADL
458,Fall,Fall
459,ADL,ADL
460,ADL,ADL
461,ADL,ADL
462,Fall,Fall
463,ADL,ADL
464,Fall,Fall
465,ADL,ADL
466,Fall,Fall
467,ADL,ADL
468,ADL,ADL
469,ADL,ADL
470,ADL,ADL
471,ADL,ADL
472,ADL,ADL
473,ADL,ADL
474,ADL,ADL
475,ADL,ADL
476,ADL,ADL
477,Fall,Fall
478,Fall,Fall
479,ADL,ADL
480,ADL,ADL
481,Fall,Fall
482,ADL,ADL
483,Fall,ADL
484,ADL,ADL
485,Fall,Fall
486,ADL,ADL
487,ADL,ADL
488,Fall,Fall
489,ADL,ADL
490,ADL,ADL
491,Fall,Fall
492,Fall,ADL
493,ADL,ADL
494,ADL,ADL
495,ADL,ADL
496,Fall,Fall
497,ADL,ADL
498,Fall,Fall
499,ADL,ADL
500,ADL,ADL
501,Fall,Fall
502,ADL,ADL
503,Fall,Fall
504,ADL,ADL
505,Fall,Fall
506,ADL,ADL
507,ADL,ADL
508,ADL,ADL
509,ADL,ADL
510,Fall,Fall
511,ADL,ADL
512,ADL,ADL
513,ADL,ADL
514,ADL,ADL
515,Fall,Fall
516,ADL,ADL
517,Fall,Fall
518,ADL,ADL
519,ADL,ADL
520,Fall,Fall
521,ADL,ADL
522,Fall,Fall
523,ADL,ADL
524,Fall,ADL
525,ADL,ADL
526,ADL,ADL
527,ADL,ADL
528,ADL,ADL
529,ADL,ADL
530,ADL,Fall
531,Fall,Fall
532,ADL,ADL
533,ADL,ADL
534,ADL,ADL
535,ADL,ADL
536,Fall,ADL
537,Fall,Fall
538,Fall,Fall
539,Fall,Fall
540,ADL,ADL
541,ADL,ADL
542,Fall,Fall
543,ADL,ADL
544,Fall,Fall
545,ADL,ADL
546,ADL,ADL
547,ADL,ADL
548,ADL,ADL
549,Fall,Fall
550,ADL,ADL
551,Fall,Fall
552,ADL,Fall
553,ADL,ADL
554,ADL,ADL
555,ADL,ADL
556,ADL,ADL
557,ADL,ADL
558,ADL,ADL
559,ADL,ADL
560,ADL,ADL
561,Fall,Fall
562,ADL,ADL
563,Fall,Fall
564,Fall,Fall
565,Fall,Fall
566,ADL,ADL
567,ADL,ADL
568,ADL,ADL
569,Fall,Fall
570,ADL,ADL
571,Fall,Fall
572,ADL,ADL
573,ADL,ADL
574,ADL,ADL
575,ADL,ADL
576,ADL,ADL
577,Fall,Fall
578,Fall,Fall
579,ADL,ADL
580,Fall,Fall
581,Fall,Fall
582,ADL,ADL
583,Fall,Fall
584,Fall,Fall
585,Fall,Fall
586,Fall,Fall
587,ADL,ADL
588,ADL,ADL
589,ADL,ADL
590,ADL,ADL
591,ADL,ADL
592,ADL,Fall
593,ADL,ADL
594,ADL,ADL
595,Fall,Fall
596,ADL,ADL
597,Fall,Fall
598,Fall,Fall
599,Fall,Fall
600,ADL,ADL
601,Fall,Fall
602,Fall,Fall
603,ADL,ADL
604,ADL,ADL
605,Fall,Fall
606,ADL,ADL
607,ADL,ADL
608,ADL,ADL
609,Fall,Fall
610,ADL,ADL
611,Fall,Fall
612,ADL,ADL
613,ADL,ADL
614,ADL,ADL
615,ADL,ADL
616,ADL,ADL
617,ADL,ADL
618,ADL,ADL
619,ADL,ADL
620,ADL,ADL
621,ADL,ADL
622,ADL,ADL
623,ADL,ADL
624,ADL,ADL
625,ADL,ADL
626,ADL,ADL
627,Fall,Fall
628,Fall,Fall
629,Fall,ADL
630,Fall,Fall
631,ADL,ADL
632,Fall,ADL
633,Fall,Fall
634,ADL,ADL
635,Fall,Fall
636,Fall,Fall
637,ADL,ADL
638,Fall,ADL
639,ADL,ADL
640,ADL,ADL
641,ADL,ADL
642,ADL,ADL
643,ADL,ADL
644,ADL,ADL
645,ADL,ADL
646,ADL,ADL
647,Fall,Fall
648,ADL,ADL
649,ADL,ADL
650,ADL,ADL
651,ADL,ADL
652,ADL,ADL
653,ADL,ADL
654,ADL,ADL
655,ADL,ADL
656,Fall,Fall
657,ADL,ADL
658,ADL,ADL
659,ADL,ADL
660,ADL,ADL
661,ADL,ADL
662,ADL,ADL
663,Fall,Fall
664,ADL,ADL
665,ADL,ADL
666,ADL,ADL
667,ADL,ADL
668,Fall,Fall
669,Fall,Fall
670,ADL,ADL
671,Fall,Fall
672,Fall,Fall
673,Fall,Fall
674,ADL,ADL
675,ADL,ADL
676,Fall,Fall
677,Fall,Fall
678,ADL,ADL
679,ADL,ADL
680,ADL,ADL
681,Fall,Fall
682,ADL,ADL
683,ADL,ADL
684,ADL,ADL
685,ADL,ADL
686,ADL,ADL
687,ADL,Fall
688,ADL,ADL
689,Fall,Fall
690,Fall,Fall
691,ADL,ADL
692,ADL,ADL
693,ADL,ADL
694,ADL,ADL
695,Fall,Fall
696,Fall,Fall
697,Fall,Fall
698,ADL,ADL
699,ADL,ADL
700,ADL,ADL
701,Fall,Fall
702,Fall,Fall
703,ADL,ADL
704,ADL,ADL
705,ADL,ADL
706,Fall,Fall
707,ADL,ADL
708,ADL,ADL
709,Fall,Fall
710,Fall,Fall
711,Fall,Fall
712,Fall,Fall
713,ADL,ADL
714,ADL,ADL
715,ADL,ADL
716,ADL,ADL
717,ADL,ADL
718,Fall,Fall
719,ADL,ADL
720,Fall,ADL
721,Fall,Fall
722,ADL,ADL
723,ADL,Fall
724,ADL,ADL
725,ADL,ADL
726,ADL,ADL
727,ADL,ADL
728,Fall,Fall
729,Fall,Fall
730,Fall,ADL
731,ADL,ADL
732,ADL,ADL
733,ADL,ADL
734,ADL,ADL
735,Fall,Fall
736,Fall,Fall
737,ADL,ADL
738,Fall,Fall
739,ADL,ADL
740,ADL,ADL
741,Fall,Fall
742,Fall,Fall
743,ADL,ADL
744,ADL,ADL
745,ADL,ADL
746,ADL,ADL
747,ADL,ADL
748,ADL,ADL
749,Fall,Fall
750,Fall,Fall
751,ADL,ADL
752,Fall,Fall
753,ADL,ADL
754,ADL,ADL
755,ADL,ADL
756,Fall,Fall
757,ADL,ADL
758,ADL,ADL
759,ADL,ADL
760,ADL,ADL
761,ADL,ADL
762,Fall,Fall
763,Fall,Fall
764,ADL,ADL
765,Fall,Fall
766,Fall,Fall
767,ADL,ADL
768,Fall,Fall
769,Fall,Fall
770,Fall,Fall
771,ADL,ADL
772,ADL,ADL
773,Fall,Fall
774,ADL,ADL
775,ADL,ADL
776,Fall,Fall
777,ADL,ADL
778,ADL,ADL
779,Fall,Fall
780,ADL,ADL
781,ADL,ADL
782,ADL,ADL
783,ADL,ADL
784,ADL,ADL
785,ADL,ADL
786,ADL,ADL
787,Fall,Fall
788,ADL,ADL
789,ADL,ADL
790,Fall,Fall
791,ADL,ADL
792,ADL,ADL
793,Fall,Fall
794,ADL,ADL
795,ADL,ADL
796,ADL,ADL
797,ADL,ADL
798,Fall,Fall
799,ADL,ADL
800,Fall,Fall
801,ADL,ADL
802,Fall,ADL
803,Fall,Fall
804,Fall,Fall
805,Fall,ADL
806,ADL,ADL
807,Fall,Fall
808,Fall,Fall
809,Fall,Fall
810,ADL,ADL
811,ADL,ADL
812,ADL,ADL
813,ADL,ADL
814,Fall,Fall
815,ADL,ADL
816,ADL,ADL
817,ADL,ADL
818,Fall,Fall
819,ADL,ADL
820,ADL,ADL
821,Fall,Fall
822,ADL,ADL
823,ADL,ADL
824,ADL,ADL
825,Fall,Fall
826,Fall,Fall
827,Fall,Fall
828,ADL,ADL
829,ADL,Fall
830,ADL,ADL
831,Fall,Fall
832,ADL,ADL
833,Fall,ADL
834,ADL,ADL
835,ADL,ADL
836,ADL,ADL
837,ADL,ADL
838,Fall,Fall
839,ADL,ADL
840,ADL,ADL
841,ADL,ADL
842,ADL,ADL
843,ADL,ADL
844,ADL,ADL
845,ADL,ADL
846,Fall,Fall
847,ADL,ADL
848,ADL,ADL
849,Fall,Fall
850,ADL,ADL
851,ADL,ADL
852,ADL,ADL
853,Fall,ADL
854,ADL,ADL
855,ADL,ADL
856,ADL,ADL
857,ADL,ADL
858,ADL,ADL
859,ADL,ADL
860,Fall,Fall
861,ADL,ADL
862,ADL,ADL
863,ADL,ADL
864,ADL,ADL
865,ADL,Fall
866,ADL,ADL
867,Fall,Fall
868,Fall,Fall
869,Fall,Fall
870,ADL,ADL
871,ADL,ADL
872,ADL,ADL
873,ADL,ADL
874,ADL,ADL
875,ADL,ADL
876,ADL,Fall
877,ADL,ADL
878,ADL,ADL
879,ADL,ADL
880,Fall,Fall
881,ADL,ADL
882,Fall,ADL
883,ADL,ADL
884,ADL,ADL
885,Fall,Fall
886,ADL,ADL
887,ADL,ADL
888,ADL,ADL
889,ADL,ADL
890,Fall,Fall
891,Fall,Fall
892,ADL,ADL
893,Fall,Fall
894,Fall,Fall
895,ADL,ADL
896,Fall,Fall
897,ADL,ADL
898,ADL,ADL
899,ADL,ADL
900,ADL,ADL
901,ADL,ADL
902,Fall,ADL
903,ADL,ADL
904,ADL,ADL
905,ADL,ADL
906,Fall,Fall
907,Fall,ADL
908,ADL,ADL
909,Fall,Fall
910,ADL,ADL
911,ADL,ADL
912,Fall,Fall
913,ADL,ADL
914,ADL,ADL
915,ADL,ADL
916,ADL,ADL
917,Fall,Fall
918,ADL,ADL
919,ADL,ADL
920,ADL,ADL
921,ADL,ADL
922,ADL,ADL
923,ADL,ADL
924,ADL,ADL
925,Fall,Fall
926,ADL,ADL
927,Fall,Fall
928,ADL,ADL
929,Fall,Fall
930,ADL,ADL
931,Fall,Fall
932,ADL,ADL
933,Fall,Fall
934,ADL,ADL
935,ADL,ADL
936,ADL,ADL
937,Fall,Fall
938,Fall,Fall
939,Fall,Fall
940,ADL,ADL
941,Fall,Fall
942,ADL,ADL
943,ADL,ADL
944,ADL,ADL
945,ADL,ADL
946,ADL,ADL
947,ADL,ADL
948,ADL,ADL
949,ADL,ADL
950,ADL,ADL
951,ADL,ADL
952,Fall,Fall
953,Fall,Fall
954,ADL,ADL
955,Fall,Fall
956,Fall,Fall
957,ADL,ADL
958,Fall,Fall
959,ADL,ADL
960,ADL,ADL
961,ADL,ADL
962,ADL,ADL
963,Fall,Fall
964,ADL,ADL
965,ADL,ADL
966,ADL,ADL
967,ADL,ADL
968,Fall,ADL
969,ADL,ADL
970,ADL,ADL
971,Fall,Fall
972,ADL,ADL
973,ADL,ADL
974,Fall,Fall
975,ADL,ADL
976,Fall,ADL
977,Fall,Fall
978,ADL,ADL
979,ADL,ADL
980,Fall,Fall
981,ADL,ADL
982,ADL,ADL
983,ADL,ADL
984,ADL,ADL
985,ADL,ADL
986,ADL,ADL
987,Fall,Fall
988,ADL,ADL
989,Fall,Fall
990,ADL,ADL
991,Fall,Fall
992,Fall,Fall
993,ADL,ADL
994,ADL,ADL
995,Fall,Fall
996,ADL,ADL
997,Fall,Fall
998,ADL,ADL
999,ADL,ADL
1000,ADL,ADL
1001,Fall,Fall
1002,Fall,Fall
1003,ADL,ADL
1004,Fall,Fall
1005,Fall,Fall
1006,ADL,ADL
1007,Fall,Fall
1008,ADL,ADL
1009,Fall,Fall
1010,ADL,ADL
1011,ADL,ADL
1012,ADL,ADL
1013,Fall,Fall
1014,ADL,ADL
1015,ADL,ADL
1016,ADL,ADL
1017,Fall,Fall
1018,Fall,Fall
1019,ADL,ADL
1020,ADL,ADL
1021,ADL,ADL
1022,Fall,Fall
1023,ADL,ADL
1024,ADL,ADL
1025,Fall,Fall
1026,ADL,ADL
1027,ADL,ADL
1028,Fall,Fall
1029,ADL,ADL
1030,Fall,Fall
1031,Fall,Fall
1032,Fall,Fall
1033,Fall,Fall
1034,Fall,Fall
1035,ADL,ADL
1036,Fall,Fall
1037,Fall,Fall
1038,ADL,ADL
1039,ADL,ADL
1040,ADL,ADL
1041,Fall,Fall
1042,ADL,ADL
1043,ADL,ADL
1044,ADL,ADL
1045,Fall,Fall
1046,Fall,Fall
1047,ADL,ADL
1048,ADL,ADL
1049,Fall,Fall
1050,Fall,Fall
1051,Fall,Fall
1052,Fall,Fall
1053,Fall,Fall
1054,Fall,Fall
1055,ADL,ADL
1056,Fall,Fall
1057,ADL,ADL
1058,ADL,ADL
1059,ADL,ADL
1060,ADL,ADL
1061,ADL,ADL
1062,ADL,ADL
1063,ADL,ADL
1064,Fall,Fall
1065,Fall,ADL
1066,ADL,ADL
1067,ADL,ADL
1068,ADL,ADL
1069,Fall,Fall
1070,ADL,ADL
1071,Fall,Fall
1072,ADL,ADL
1073,ADL,ADL
1074,ADL,ADL
1075,ADL,ADL
1076,Fall,Fall
1077,ADL,ADL
1078,Fall,Fall
1079,ADL,ADL
1080,Fall,Fall
1081,Fall,Fall
1082,ADL,ADL
1083,Fall,ADL
1084,Fall,Fall
1085,ADL,ADL
1086,ADL,ADL
1087,ADL,ADL
1088,ADL,ADL
1089,ADL,ADL
1090,ADL,ADL
1091,ADL,ADL
1092,ADL,ADL
1093,ADL,ADL
1094,ADL,ADL
1095,Fall,Fall
1096,Fall,Fall
1097,Fall,Fall
1098,ADL,ADL
1099,Fall,Fall
1100,Fall,Fall
1101,Fall,Fall
1102,Fall,Fall
1103,ADL,ADL
1104,ADL,ADL
1105,ADL,ADL
1106,ADL,ADL
1107,ADL,ADL
1108,Fall,Fall
1109,ADL,ADL
1110,Fall,Fall
1111,ADL,ADL
1112,Fall,Fall
1113,ADL,ADL
1114,Fall,ADL
1115,ADL,ADL
1116,ADL,ADL
1117,Fall,Fall
1118,Fall,Fall
1119,Fall,Fall
1120,ADL,ADL
1121,Fall,ADL
1122,ADL,ADL
1123,ADL,ADL
1124,ADL,ADL
1125,ADL,ADL
1126,ADL,ADL
1127,Fall,Fall
1128,Fall,Fall
1129,ADL,ADL
1130,Fall,Fall
1131,ADL,ADL
1132,ADL,ADL
1133,Fall,Fall
1134,ADL,ADL
1135,ADL,ADL
1136,ADL,ADL
1137,ADL,ADL
1138,Fall,Fall
1139,Fall,Fall
1140,ADL,ADL
1141,ADL,ADL
1142,Fall,Fall
1143,Fall,ADL
1144,ADL,ADL
1145,Fall,Fall
1146,ADL,ADL
1147,ADL,ADL
1148,ADL,ADL
1149,ADL,ADL
1150,Fall,Fall
1151,Fall,Fall
1152,Fall,Fall
1153,ADL,Fall
1154,ADL,ADL
1155,ADL,ADL
1156,Fall,Fall
1157,ADL,ADL
1158,ADL,ADL
1159,ADL,ADL
1160,ADL,ADL
1161,ADL,ADL
1162,Fall,Fall
1163,ADL,ADL
1164,ADL,ADL
1165,Fall,Fall
1166,ADL,ADL
1167,Fall,Fall
1168,ADL,ADL
1169,ADL,ADL
1170,ADL,ADL
1171,ADL,ADL
1172,Fall,Fall
1173,ADL,ADL
1174,Fall,Fall
1175,Fall,Fall
1176,Fall,Fall
1177,ADL,ADL
1178,ADL,ADL
1179,ADL,Fall
1180,ADL,ADL
1181,ADL,ADL
1182,ADL,ADL
1183,ADL,ADL
1184,ADL,ADL
1185,ADL,ADL
1186,ADL,ADL
1187,Fall,Fall
1188,ADL,ADL
1189,Fall,Fall
1190,ADL,ADL
1191,ADL,ADL
1192,ADL,ADL
1193,ADL,ADL
1194,Fall,Fall
1195,ADL,ADL
1196,Fall,Fall
1197,ADL,ADL
1198,ADL,ADL
1199,ADL,ADL
1200,ADL,ADL
1201,Fall,Fall
1202,ADL,ADL
1203,ADL,ADL
1204,ADL,ADL
1205,Fall,ADL
1206,ADL,ADL
1207,ADL,ADL
1208,Fall,Fall
1209,ADL,ADL
1210,Fall,Fall
1211,ADL,ADL
1212,Fall,Fall
1213,ADL,ADL
1214,Fall,Fall
1215,ADL,ADL
1216,ADL,ADL
1217,ADL,ADL
1218,ADL,ADL
1219,Fall,Fall
1220,ADL,ADL
1221,ADL,ADL
1222,ADL,ADL
1223,Fall,Fall
1224,Fall,ADL
1225,ADL,ADL
1226,ADL,ADL
1227,Fall,ADL
1228,Fall,Fall
1229,Fall,Fall
1230,ADL,ADL
1231,Fall,Fall
1232,Fall,ADL
1233,Fall,Fall
1234,ADL,ADL
1235,ADL,ADL
1236,ADL,ADL
1237,ADL,ADL
1238,Fall,Fall
1239,Fall,Fall
1240,Fall,Fall
1241,Fall,Fall
1242,Fall,ADL
1243,ADL,ADL
1244,ADL,ADL
1245,Fall,Fall
1246,ADL,Fall
1247,Fall,Fall
1248,ADL,ADL
1249,ADL,ADL
1250,ADL,ADL
1251,Fall,Fall
1252,Fall,Fall
1253,ADL,ADL
1254,ADL,ADL
1255,ADL,ADL
1256,ADL,ADL
1257,ADL,ADL
1258,ADL,ADL
1259,Fall,Fall
1260,ADL,ADL
1261,ADL,ADL
1262,ADL,ADL
1263,ADL,ADL
1264,ADL,ADL
1265,Fall,Fall
1266,Fall,Fall
1267,Fall,Fall
1268,Fall,Fall
1269,Fall,Fall
1270,ADL,ADL
1271,Fall,Fall
1272,Fall,Fall
1273,ADL,ADL
1274,ADL,ADL
1275,ADL,ADL
1276,ADL,ADL
1277,Fall,Fall
1278,ADL,ADL
1279,Fall,Fall
1280,Fall,Fall
1281,Fall,Fall
1282,Fall,Fall
1283,ADL,ADL
1284,ADL,ADL
1285,ADL,ADL
1286,ADL,ADL
1287,Fall,Fall
1288,ADL,Fall
1289,ADL,ADL
1290,ADL,ADL
1291,ADL,ADL
1292,ADL,ADL
1293,ADL,ADL
1294,ADL,ADL
1295,ADL,ADL
1296,ADL,ADL
1297,ADL,ADL
1298,ADL,ADL
1299,ADL,ADL
1300,ADL,ADL
1301,ADL,ADL
1302,ADL,ADL
1303,ADL,ADL
1304,Fall,Fall
1305,Fall,Fall
1306,ADL,ADL
1307,ADL,ADL
1308,Fall,Fall
1309,Fall,Fall
1310,ADL,ADL
1311,ADL,ADL
1312,ADL,ADL
1313,ADL,ADL
1314,Fall,Fall
1315,ADL,ADL
1316,Fall,ADL
1317,Fall,Fall
1318,ADL,ADL
1319,ADL,ADL
1320,ADL,ADL
1321,ADL,ADL
1322,ADL,ADL
1323,Fall,Fall
1324,Fall,Fall
1325,ADL,ADL
1326,Fall,Fall
1327,ADL,Fall
1328,ADL,ADL
1329,Fall,ADL
1330,Fall,Fall
1331,ADL,ADL
1332,ADL,ADL
1333,Fall,ADL
1334,Fall,Fall
1335,Fall,Fall
1336,ADL,ADL
1337,Fall,Fall
1338,ADL,ADL
1339,ADL,ADL
1340,ADL,ADL
1341,ADL,ADL
1342,Fall,Fall
1343,Fall,Fall
1344,ADL,ADL
1345,Fall,Fall
1346,Fall,Fall
1347,ADL,ADL
1348,Fall,Fall
1349,ADL,ADL
1350,ADL,ADL
1351,ADL,ADL
1352,ADL,ADL
1353,Fall,Fall
1354,Fall,Fall
1355,ADL,ADL
1356,ADL,ADL
1357,ADL,ADL
1358,Fall,Fall
1359,ADL,ADL
1360,ADL,ADL
1361,Fall,Fall
1362,ADL,ADL
1363,ADL,ADL
1364,Fall,Fall
1365,ADL,ADL
1366,ADL,ADL
1367,Fall,Fall
1368,ADL,ADL
1369,ADL,ADL
1370,ADL,ADL
1371,Fall,Fall
1372,Fall,Fall
1373,ADL,ADL
1374,ADL,ADL
1375,Fall,Fall
1376,ADL,ADL
1377,Fall,Fall
1378,Fall,Fall
1379,Fall,Fall
1380,ADL,ADL
1381,Fall,Fall
1382,ADL,ADL
1383,ADL,ADL
1384,ADL,ADL
1385,Fall,ADL
1386,Fall,ADL
1387,Fall,Fall
1388,Fall,Fall
1389,ADL,ADL
1390,ADL,ADL
1391,Fall,Fall
1392,Fall,Fall
1393,ADL,ADL
1394,ADL,ADL
1395,Fall,Fall
1396,ADL,ADL
1397,ADL,ADL
1398,ADL,ADL
1399,Fall,Fall
1400,Fall,Fall
1401,ADL,ADL
1402,ADL,ADL
1403,ADL,ADL
1404,ADL,ADL
1405,ADL,ADL
1406,ADL,ADL
1407,Fall,Fall
1408,ADL,ADL
1409,Fall,Fall
1410,ADL,ADL
1411,ADL,ADL
1412,ADL,ADL
1413,ADL,ADL
1414,ADL,ADL
1415,Fall,Fall
1416,ADL,ADL
1417,Fall,Fall
1418,ADL,ADL
1419,Fall,Fall
1420,ADL,ADL
1421,Fall,Fall
1422,ADL,Fall
1423,ADL,ADL
1424,ADL,ADL
1425,Fall,Fall
1426,Fall,Fall
1427,ADL,ADL
1428,Fall,Fall
1429,ADL,Fall
1430,ADL,ADL
1431,Fall,Fall
1432,ADL,ADL
1433,Fall,Fall
1434,ADL,ADL
1435,ADL,ADL
1436,ADL,ADL
1437,Fall,Fall
1438,ADL,ADL
1439,ADL,ADL
1440,ADL,ADL
1441,Fall,Fall
1442,Fall,Fall
1443,Fall,Fall
1444,Fall,Fall
1445,Fall,Fall
1446,ADL,ADL
1447,Fall,Fall
1448,ADL,ADL
1449,ADL,ADL
1450,Fall,Fall
1451,Fall,Fall
1452,ADL,ADL
1453,Fall,Fall
1454,ADL,ADL
1455,ADL,ADL
1456,Fall,Fall
1457,ADL,ADL
1458,ADL,ADL
1459,ADL,ADL
1460,Fall,Fall
1461,ADL,ADL
1462,ADL,ADL
1463,Fall,Fall
1464,ADL,ADL
1465,Fall,Fall
1466,ADL,ADL
1467,ADL,ADL
1468,ADL,ADL
1469,Fall,Fall
1470,ADL,ADL
1471,ADL,ADL
1472,ADL,ADL
1473,ADL,ADL
1474,ADL,ADL
1475,ADL,ADL
1476,Fall,Fall
1477,ADL,ADL
1478,Fall,Fall
1479,ADL,ADL
1480,ADL,ADL
1481,Fall,Fall
1482,ADL,ADL
1483,ADL,ADL
1484,ADL,ADL
1485,ADL,Fall
1486,ADL,ADL
1487,ADL,ADL
1488,ADL,ADL
1489,ADL,ADL
1490,ADL,ADL
1491,ADL,ADL
1492,ADL,ADL
1493,ADL,ADL
1494,ADL,ADL
1495,ADL,ADL
1496,ADL,ADL
1497,ADL,ADL
1498,ADL,ADL
1499,ADL,ADL
1500,ADL,ADL
1501,Fall,ADL
1502,Fall,Fall
1503,ADL,ADL
1504,ADL,ADL
1505,Fall,Fall
1506,ADL,ADL
1507,Fall,Fall
1508,Fall,Fall
1509,Fall,Fall
1510,Fall,Fall
1511,ADL,ADL
1512,ADL,ADL
1513,ADL,ADL
1514,ADL,ADL
1515,ADL,ADL
1516,Fall,Fall
1517,ADL,ADL
1518,Fall,ADL
1519,ADL,ADL
1520,ADL,ADL
1521,Fall,Fall
1522,ADL,ADL
1523,ADL,ADL
1524,ADL,ADL
1525,Fall,Fall
1526,ADL,ADL
1527,Fall,ADL
1528,ADL,ADL
1529,Fall,Fall
1530,Fall,Fall
1531,Fall,Fall
1532,Fall,Fall
1533,ADL,ADL
1534,ADL,ADL
1535,Fall,Fall
1536,ADL,ADL
1537,ADL,ADL
1538,Fall,Fall
1539,ADL,ADL
1540,Fall,Fall
1541,ADL,ADL
1542,Fall,Fall
1543,ADL,ADL
1544,ADL,ADL
1545,Fall,Fall
1546,Fall,ADL
1547,ADL,ADL
1548,Fall,Fall
1549,ADL,ADL
1550,Fall,Fall
1551,ADL,ADL
1552,Fall,Fall
1553,Fall,Fall
1554,Fall,Fall
1555,Fall,Fall
1556,ADL,ADL
1557,Fall,Fall
1558,Fall,Fall
1559,ADL,ADL
1560,ADL,ADL
1561,Fall,Fall
1562,ADL,ADL
1563,ADL,ADL
1564,ADL,ADL
1565,ADL,ADL
1566,ADL,ADL
1567,ADL,ADL
1568,ADL,ADL
1569,ADL,ADL
1570,Fall,Fall
1571,Fall,Fall
1572,ADL,ADL
1573,ADL,ADL
1574,ADL,ADL
1575,Fall,Fall
1576,ADL,ADL
1577,ADL,ADL
1578,ADL,ADL
1579,ADL,ADL
1580,Fall,Fall
1581,ADL,ADL
1582,Fall,Fall
1583,Fall,Fall
1584,ADL,ADL
1585,ADL,ADL
1586,ADL,ADL
1587,Fall,Fall
1588,ADL,ADL
1589,ADL,ADL
1590,ADL,ADL
1591,ADL,ADL
1592,ADL,ADL
1593,ADL,Fall
1594,ADL,ADL
1595,Fall,ADL
1596,Fall,Fall
1597,ADL,ADL
1598,ADL,ADL
1599,ADL,ADL
1600,ADL,ADL
1601,ADL,ADL
1602,ADL,ADL
1603,ADL,ADL
1604,ADL,ADL
1605,ADL,ADL
1606,Fall,Fall
1607,ADL,ADL
1608,Fall,Fall
1609,ADL,ADL
1610,ADL,ADL
1611,ADL,ADL
1612,ADL,ADL
1613,ADL,ADL
1614,Fall,Fall
1615,ADL,ADL
1616,Fall,Fall
1617,Fall,Fall
1618,Fall,Fall
1619,ADL,ADL
1620,ADL,ADL
1621,ADL,ADL
1622,ADL,ADL
1623,ADL,ADL
1624,ADL,ADL
1625,Fall,ADL
1626,ADL,ADL
1627,Fall,Fall
1628,Fall,Fall
1629,ADL,ADL
1630,ADL,ADL
1631,ADL,ADL
1632,ADL,ADL
1633,Fall,Fall
1634,ADL,ADL
1635,ADL,ADL
1636,ADL,ADL
1637,Fall,Fall
1638,ADL,ADL
1639,Fall,Fall
1640,ADL,ADL
1641,ADL,ADL
1642,ADL,ADL
1643,ADL,ADL
1644,Fall,Fall
1645,ADL,ADL
1646,Fall,Fall
1647,Fall,Fall
1648,ADL,ADL
1649,Fall,Fall
1650,ADL,ADL
1651,Fall,Fall
1652,ADL,ADL
1653,ADL,ADL
1654,Fall,Fall
1655,ADL,ADL
1656,Fall,Fall
1657,Fall,Fall
1658,ADL,ADL
1659,ADL,ADL
1660,Fall,Fall
1661,ADL,ADL
1662,ADL,ADL
1663,Fall,Fall
1664,Fall,Fall
1665,Fall,Fall
1666,ADL,ADL
1667,ADL,ADL
1668,ADL,ADL
1669,Fall,Fall
1670,ADL,ADL
1671,ADL,ADL
1672,ADL,ADL
1673,Fall,Fall
1674,Fall,Fall
1675,Fall,Fall
1676,ADL,ADL
1677,ADL,ADL
1678,Fall,Fall
1679,ADL,ADL
1680,ADL,ADL
1681,ADL,ADL
1682,ADL,ADL
1683,ADL,ADL
1684,ADL,ADL
1685,ADL,ADL
1686,ADL,ADL
1687,Fall,Fall
1688,Fall,Fall
1689,ADL,ADL
1690,ADL,ADL
1691,Fall,ADL
1692,ADL,ADL
1693,Fall,Fall
1694,Fall,ADL
1695,ADL,ADL
1696,ADL,ADL
1697,ADL,ADL
1698,Fall,Fall
1699,ADL,ADL
1700,ADL,ADL
1701,ADL,ADL
1702,ADL,ADL
1703,ADL,ADL
1704,Fall,Fall
1705,Fall,Fall
1706,Fall,Fall
1707,ADL,ADL
1708,Fall,Fall
1709,Fall,Fall
1710,Fall,Fall
1711,ADL,ADL
1712,ADL,ADL
1713,ADL,ADL
1714,ADL,ADL
1715,Fall,Fall
1716,ADL,ADL
1717,ADL,ADL
1718,ADL,ADL
1719,ADL,ADL
1720,ADL,ADL
1721,Fall,Fall
1722,Fall,Fall
1723,ADL,ADL
1724,ADL,ADL
1725,ADL,ADL
1726,ADL,ADL
1727,ADL,ADL
1728,Fall,Fall
1729,ADL,ADL
1730,Fall,Fall
1731,ADL,ADL
1732,ADL,ADL
1733,Fall,Fall
1734,Fall,Fall
1735,ADL,ADL
1736,ADL,ADL
1737,Fall,Fall
1738,ADL,ADL
1739,ADL,ADL
1740,ADL,ADL
1741,Fall,Fall
1742,ADL,ADL
1743,ADL,ADL
1744,Fall,Fall
1745,ADL,ADL
1746,ADL,ADL
1747,ADL,ADL
1748,ADL,ADL
1749,ADL,ADL
1750,ADL,ADL
1751,Fall,Fall
1752,Fall,ADL
1753,ADL,ADL
1754,ADL,ADL
1755,ADL,ADL
1756,Fall,Fall
1757,ADL,ADL
1758,ADL,ADL
1759,ADL,ADL
1760,ADL,ADL
1761,ADL,ADL
1762,ADL,ADL
1763,ADL,ADL
1764,Fall,Fall
1765,ADL,ADL
